[
    {
        "id_libro": 1,
        "titulo": "Cien Años de Soledad",
        "autor": "Gabriel García Márquez",
        "editorial": "Sudamericana",
        "año_publicacion": 1967,
        "genero": "Novela",
        "cantidad_disponible": 3
    },
    {
        "id_libro": 2,
        "titulo": "Don Quijote de la Mancha",
        "autor": "Miguel de Cervantes",
        "editorial": "Francisco de Robles",
        "año_publicacion": 1605,
        "genero": "Novela",
        "cantidad_disponible": 2
    }
]