[
    {
        "id_socio": 1,
        "nombre": "Carlos",
        "apellido": "López",
        "fecha_nacimiento": "1980-03-25",
        "direccion": "Calle 9 de Julio 456",
        "correo_electronico": "carlos.lopez@example.com",
        "telefono": "456-7890"
    },
    {
        "id_socio": 2,
        "nombre": "Ana",
        "apellido": "Martínez",
        "fecha_nacimiento": "1990-11-15",
        "direccion": "Avenida Corrientes 1234",
        "correo_electronico": "ana.martinez@example.com",
        "telefono": "123-9876"
    }
]