[
  {
    "id_vehiculo": 1,
    "patente": "ABC123",
    "marca": "Toyota",
    "modelo": "Corolla",
    "tipo": "Sedán",
    "año": 2015,
    "kilometraje": 75000,
    "precio_compra": 12000,
    "precio_venta": 15000,
    "estado": "Disponible"
  },
  {
    "id_vehiculo": 2,
    "patente": "XYZ789",
    "marca": "Ford",
    "modelo": "Focus",
    "tipo": "Hatchback",
    "año": 2017,
    "kilometraje": 50000,
    "precio_compra": 14000,
    "precio_venta": 17000,
    "estado": "Reservado"
  }
]